,시도,시군구,읍면동/구,읍/면/리/동,리,위도,경도,구동명
0,서울특별시,,,,,37.5666103,126.9783882,
1,서울특별시,강동구,,,,37.530126,127.1237708,
2,서울특별시,강동구,천호동,,,37.5450159,127.1368066,강동구 천호동
3,서울특별시,강동구,성내동,,,37.5304417,127.122425,강동구 성내동
4,서울특별시,강동구,암사동,,,37.551508,127.132663,강동구 암사동
5,서울특별시,강동구,둔촌동,,,37.5333656,127.1419851,강동구 둔촌동
6,서울특별시,강동구,고덕동,,,37.5572593,127.1515382,강동구 고덕동
7,서울특별시,강동구,명일동,,,37.5512453,127.1443656,강동구 명일동
8,서울특별시,강동구,둔촌2동,,,37.5332885,127.1419221,강동구 둔촌2동
9,서울특별시,강동구,둔촌1동,,,37.5333656,127.1419851,강동구 둔촌1동
10,서울특별시,강동구,길동,,,37.5345598,127.1426791,강동구 길동
11,서울특별시,강동구,성내3동,,,37.5260101,127.13287,강동구 성내3동
12,서울특별시,강동구,성내2동,,,37.532425,127.129563,강동구 성내2동
13,서울특별시,강동구,성내1동,,,37.5304417,127.122425,강동구 성내1동
14,서울특별시,강동구,천호3동,,,37.5361455,127.1332269,강동구 천호3동
15,서울특별시,강동구,천호2동,,,37.543525700000004,127.1254351,강동구 천호2동
16,서울특별시,강동구,천호1동,,,37.5450159,127.1368066,강동구 천호1동
17,서울특별시,강동구,암사3동,,,37.5549912,127.1408249,강동구 암사3동
18,서울특별시,강동구,암사2동,,,37.5517481,127.1272074,강동구 암사2동
19,서울특별시,강동구,암사1동,,,37.551508,127.132663,강동구 암사1동
20,서울특별시,강동구,고덕2동,,,37.5605,127.16435,강동구 고덕2동
21,서울특별시,강동구,고덕1동,,,37.5572593,127.1515382,강동구 고덕1동
22,서울특별시,강동구,명일2동,,,37.546366,127.1513427,강동구 명일2동
23,서울특별시,강동구,명일1동,,,37.5512453,127.1443656,강동구 명일1동
24,서울특별시,강동구,상일동,,,37.550583,127.1683007,강동구 상일동
25,서울특별시,강동구,강일동,,,37.5649783,127.173909,강동구 강일동
26,서울특별시,송파구,,,,37.5145636,127.1059186,
27,서울특별시,송파구,마천동,,,37.4960195,127.1499724,송파구 마천동
28,서울특별시,송파구,거여동,,,37.4969643,127.1432324,송파구 거여동
29,서울특별시,송파구,방이동,,,37.510933,127.123925,송파구 방이동
30,서울특별시,송파구,문정동,,,37.4900982,127.1241719,송파구 문정동
31,서울특별시,송파구,가락동,,,37.4955568,127.1217864,송파구 가락동
32,서울특별시,송파구,송파동,,,37.5062595,127.1093393,송파구 송파동
33,서울특별시,송파구,풍납동,,,37.538092,127.122075,송파구 풍납동
34,서울특별시,송파구,신천동,,,37.5239079,127.0989414,송파구 신천동
35,서울특별시,송파구,잠실동,,,37.5061,127.084338,송파구 잠실동
36,서울특별시,송파구,잠실7동,,,37.5086777,127.0771146,송파구 잠실7동
37,서울특별시,송파구,잠실6동,,,37.518142,127.10065,송파구 잠실6동
38,서울특별시,송파구,잠실4동,,,37.5201089,127.1122668,송파구 잠실4동
39,서울특별시,송파구,잠실3동,,,37.513333,127.094375,송파구 잠실3동
40,서울특별시,송파구,잠실2동,,,37.5119488,127.088559,송파구 잠실2동
41,서울특별시,송파구,잠실본동,,,37.5061,127.084338,송파구 잠실본동
42,서울특별시,송파구,위례동,,,37.4811656,127.1439378,송파구 위례동
43,서울특별시,송파구,장지동,,,37.4785,127.1354,송파구 장지동
44,서울특별시,송파구,문정2동,,,37.489823,127.1108107,송파구 문정2동
45,서울특별시,송파구,문정1동,,,37.4900982,127.1241719,송파구 문정1동
46,서울특별시,송파구,가락2동,,,37.4987054,127.1266714,송파구 가락2동
47,서울특별시,송파구,가락1동,,,37.4964898,127.1098653,송파구 가락1동
48,서울특별시,송파구,가락본동,,,37.4955568,127.1217864,송파구 가락본동
49,서울특별시,송파구,삼전동,,,37.502714,127.0925354,송파구 삼전동
50,서울특별시,송파구,석촌동,,,37.503592,127.1037,송파구 석촌동
51,서울특별시,송파구,송파2동,,,37.502317,127.1167651,송파구 송파2동
52,서울특별시,송파구,송파1동,,,37.5062595,127.1093393,송파구 송파1동
53,서울특별시,송파구,오금동,,,37.5030528,127.1281494,송파구 오금동
54,서울특별시,송파구,오륜동,,,37.515425,127.1343,송파구 오륜동
55,서울특별시,송파구,방이2동,,,37.5164444,127.1114868,송파구 방이2동
56,서울특별시,송파구,방이1동,,,37.510933,127.123925,송파구 방이1동
57,서울특별시,송파구,마천2동,,,37.4968477,127.1485193,송파구 마천2동
58,서울특별시,송파구,마천1동,,,37.4960195,127.1499724,송파구 마천1동
59,서울특별시,송파구,거여2동,,,37.4935803,127.1468764,송파구 거여2동
60,서울특별시,송파구,거여1동,,,37.4969643,127.1432324,송파구 거여1동
61,서울특별시,송파구,풍납2동,,,37.5292584,127.1157686,송파구 풍납2동
62,서울특별시,송파구,풍납1동,,,37.538092,127.122075,송파구 풍납1동
63,서울특별시,강남구,,,,37.517305,127.047502,
64,서울특별시,강남구,도곡동,,,37.488238,127.0390246,강남구 도곡동
65,서울특별시,강남구,일원동,,,37.491839,127.0879629,강남구 일원동
66,서울특별시,강남구,율현동,,,37.4717,127.1114,강남구 율현동
67,서울특별시,강남구,자곡동,,,37.4751929,127.0989125,강남구 자곡동
68,서울특별시,강남구,논현동,,,37.5115706,127.028461,강남구 논현동
69,서울특별시,강남구,대치동,,,37.4931821,127.0567047,강남구 대치동
70,서울특별시,강남구,삼성동,,,37.5144424,127.062532,강남구 삼성동
71,서울특별시,강남구,개포동,,,37.4827409,127.055737,강남구 개포동
72,서울특별시,강남구,역삼동,,,37.4954841,127.0333574,강남구 역삼동
73,서울특별시,강남구,수서동,,,37.4889181,127.104929,강남구 수서동
74,서울특별시,강남구,일원2동,,,37.4922048,127.0737224,강남구 일원2동
75,서울특별시,강남구,일원1동,,,37.491839,127.0879629,강남구 일원1동
76,서울특별시,강남구,일원본동,,,37.4833484,127.0864633,강남구 일원본동
77,서울특별시,강남구,세곡동,,,37.4643683,127.1043555,강남구 세곡동
78,서울특별시,강남구,개포4동,,,37.4788183,127.0516374,강남구 개포4동
79,서울특별시,강남구,개포2동,,,37.4897723,127.0689523,강남구 개포2동
80,서울특별시,강남구,개포1동,,,37.4827409,127.055737,강남구 개포1동
81,서울특별시,강남구,도곡2동,,,37.4837425,127.0464338,강남구 도곡2동
82,서울특별시,강남구,도곡1동,,,37.488238,127.0390246,강남구 도곡1동
83,서울특별시,강남구,역삼2동,,,37.4959674,127.0468034,강남구 역삼2동
84,서울특별시,강남구,역삼1동,,,37.4954841,127.0333574,강남구 역삼1동
85,서울특별시,강남구,대치4동,,,37.4997415,127.0579127,강남구 대치4동
86,서울특별시,강남구,대치2동,,,37.5022848,127.0642072,강남구 대치2동
87,서울특별시,강남구,대치1동,,,37.4931821,127.0567047,강남구 대치1동
88,서울특별시,강남구,삼성2동,,,37.5112,127.04595,강남구 삼성2동
89,서울특별시,강남구,삼성1동,,,37.5144424,127.062532,강남구 삼성1동
90,서울특별시,강남구,청담동,,,37.525107,127.049291,강남구 청담동
91,서울특별시,강남구,압구정동,,,37.530642,127.030713,강남구 압구정동
92,서울특별시,강남구,논현2동,,,37.517342,127.037213,강남구 논현2동
93,서울특별시,강남구,논현1동,,,37.5115706,127.028461,강남구 논현1동
94,서울특별시,강남구,신사동,,,37.5240101,127.0227814,강남구 신사동
95,서울특별시,서초구,,,,37.483569,127.032598,
96,서울특별시,서초구,신원동,,,37.4448,127.0641,서초구 신원동
97,서울특별시,서초구,염곡동,,,37.462035,127.054288,서초구 염곡동
98,서울특별시,서초구,서초동,,,37.4901186,127.0195082,서초구 서초동
99,서울특별시,서초구,반포동,,,37.5004776,126.98606,서초구 반포동
100,서울특별시,서초구,원지동,,,37.4452,127.0476,서초구 원지동
101,서울특별시,서초구,우면동,,,37.466,127.0169,서초구 우면동
102,서울특별시,서초구,양재동,,,37.470101,127.039888,서초구 양재동
103,서울특별시,서초구,방배동,,,37.4941452,126.988785,서초구 방배동
104,서울특별시,서초구,내곡동,,,37.4493583,127.0583103,서초구 내곡동
105,서울특별시,서초구,양재2동,,,37.470601,127.041188,서초구 양재2동
106,서울특별시,서초구,양재1동,,,37.4716412,127.026744,서초구 양재1동
107,서울특별시,서초구,방배4동,,,37.489007,126.9923344,서초구 방배4동
108,서울특별시,서초구,방배3동,,,37.4784409,126.9999918,서초구 방배3동
109,서울특별시,서초구,방배2동,,,37.4797439,126.9855106,서초구 방배2동
110,서울특별시,서초구,방배1동,,,37.4832801,126.9945569,서초구 방배1동
111,서울특별시,서초구,방배본동,,,37.4941452,126.988785,서초구 방배본동
112,서울특별시,서초구,반포4동,,,37.4974314,127.0003853,서초구 반포4동
113,서울특별시,서초구,반포3동,,,37.5120925,127.0056289,서초구 반포3동
114,서울특별시,서초구,반포2동,,,37.5046022,126.9945091,서초구 반포2동
115,서울특별시,서초구,반포1동,,,37.5050895,127.0135073,서초구 반포1동
116,서울특별시,서초구,반포본동,,,37.5004776,126.98606,서초구 반포본동
117,서울특별시,서초구,잠원동,,,37.5149619,127.0140771,서초구 잠원동
118,서울특별시,서초구,서초4동,,,37.5026685,127.0221589,서초구 서초4동
119,서울특별시,서초구,서초3동,,,37.4836682,127.0119725,서초구 서초3동
120,서울특별시,서초구,서초2동,,,37.49208,127.02496,서초구 서초2동
121,서울특별시,서초구,서초1동,,,37.4901186,127.0195082,서초구 서초1동
122,서울특별시,관악구,,,,37.4781549,126.9514847,
123,서울특별시,관악구,봉천동,,,37.4779619,126.9534602,관악구 봉천동
124,서울특별시,관악구,난곡동,,,37.4709634,126.9216507,관악구 난곡동
125,서울특별시,관악구,미성동,,,37.4761761,126.9155534,관악구 미성동
126,서울특별시,관악구,삼성동,,,37.470101,126.932963,관악구 삼성동
127,서울특별시,관악구,대학동,,,37.4706145,126.9369907,관악구 대학동
128,서울특별시,관악구,조원동,,,37.4826299,126.9078649,관악구 조원동
129,서울특별시,관악구,난향동,,,37.461429,126.918842,관악구 난향동
130,서울특별시,관악구,신림동,,,37.487426,126.927075,관악구 신림동
131,서울특별시,관악구,신사동,,,37.4829831,126.9192856,관악구 신사동
132,서울특별시,관악구,서림동,,,37.4749956,126.9349995,관악구 서림동
133,서울특별시,관악구,신원동,,,37.4815883,126.9273519,관악구 신원동
134,서울특별시,관악구,서원동,,,37.4797346,126.9313,관악구 서원동
135,서울특별시,관악구,남현동,,,37.4745394,126.9778366,관악구 남현동
136,서울특별시,관악구,인헌동,,,37.4750974,126.9652628,관악구 인헌동
137,서울특별시,관악구,중앙동,,,37.4842598,126.9497133,관악구 중앙동
138,서울특별시,관악구,은천동,,,37.4853086,126.9424278,관악구 은천동
139,서울특별시,관악구,청룡동,,,37.4791304,126.9416518,관악구 청룡동
140,서울특별시,관악구,낙성대동,,,37.4762971,126.9583884,관악구 낙성대동
141,서울특별시,관악구,행운동,,,37.4806541,126.9570456,관악구 행운동
142,서울특별시,관악구,성현동,,,37.4895366,126.9481271,관악구 성현동
143,서울특별시,관악구,청림동,,,37.4918329,126.9585773,관악구 청림동
144,서울특별시,관악구,보라매동,,,37.4881456,126.9327389,관악구 보라매동
145,서울특별시,동작구,,,,37.51245,126.9395,
146,서울특별시,동작구,신대방동,,,37.488943,126.91005,동작구 신대방동
147,서울특별시,동작구,사당동,,,37.4830639,126.9786682,동작구 사당동
148,서울특별시,동작구,동작동,,,37.4991998,126.9738471,동작구 동작동
149,서울특별시,동작구,본동,,,37.5124285,126.9536286,동작구 본동
150,서울특별시,동작구,상도1동,,,37.4981,126.953089,동작구 상도1동
151,서울특별시,동작구,상도동,,,37.4981,126.953089,동작구 상도동
152,서울특별시,동작구,노량진동,,,37.512308,126.942013,동작구 노량진동
153,서울특별시,동작구,신대방2동,,,37.4984422,126.9244085,동작구 신대방2동
154,서울특별시,동작구,신대방1동,,,37.488943,126.91005,동작구 신대방1동
155,서울특별시,동작구,대방동,,,37.508133,126.92635,동작구 대방동
156,서울특별시,동작구,사당5동,,,37.4857521,126.9668658,동작구 사당5동
157,서울특별시,동작구,사당4동,,,37.4809888,126.9716704,동작구 사당4동
158,서울특별시,동작구,사당3동,,,37.4845247,126.9734908,동작구 사당3동
159,서울특별시,동작구,사당2동,,,37.4887323,126.9792598,동작구 사당2동
160,서울특별시,동작구,사당1동,,,37.4830639,126.9786682,동작구 사당1동
161,서울특별시,동작구,흑석동,,,37.5058617,126.966612,동작구 흑석동
162,서울특별시,동작구,상도4동,,,37.4994203,126.941422,동작구 상도4동
163,서울특별시,동작구,상도3동,,,37.4991123,126.9313793,동작구 상도3동
164,서울특별시,동작구,상도2동,,,37.5055197,126.942296,동작구 상도2동
165,서울특별시,동작구,상도1동,,,,,동작구 상도1동
166,서울특별시,동작구,노량진2동,,,37.508509,126.937352,동작구 노량진2동
167,서울특별시,동작구,노량진1동,,,37.512308,126.942013,동작구 노량진1동
168,서울특별시,영등포구,,,,37.526436,126.896004,
169,서울특별시,영등포구,양평동,,,37.538695,126.8885658,영등포구 양평동
170,서울특별시,영등포구,대림동,,,37.4954685,126.905818,영등포구 대림동
171,서울특별시,영등포구,신길동,,,37.5112667,126.9214285,영등포구 신길동
172,서울특별시,영등포구,양화동,,,37.5488,126.8883,영등포구 양화동
173,서울특별시,영등포구,양평동6가,,,37.541883,126.889838,영등포구 양평동6가
174,서울특별시,영등포구,양평동5가,,,37.539,126.8925,영등포구 양평동5가
175,서울특별시,영등포구,양평동4가,,,37.53635,126.89605,영등포구 양평동4가
176,서울특별시,영등포구,양평동3가,,,37.5296,126.8918,영등포구 양평동3가
177,서울특별시,영등포구,양평동2가,,,37.523067,126.883563,영등포구 양평동2가
178,서울특별시,영등포구,양평동1가,,,37.5232,126.8886,영등포구 양평동1가
179,서울특별시,영등포구,문래동6가,,,37.5201,126.8845,영등포구 문래동6가
180,서울특별시,영등포구,문래동5가,,,37.5161,126.8849,영등포구 문래동5가
181,서울특별시,영등포구,문래동4가,,,37.51455,126.889875,영등포구 문래동4가
182,서울특별시,영등포구,문래동3가,,,37.517008,126.895338,영등포구 문래동3가
183,서울특별시,영등포구,문래동2가,,,37.5126,126.8929,영등포구 문래동2가
184,서울특별시,영등포구,문래동1가,,,37.5122837,126.8970685,영등포구 문래동1가
185,서울특별시,영등포구,당산동,,,37.5347,126.9065,영등포구 당산동
186,서울특별시,영등포구,당산동6가,,,37.535,126.9024,영등포구 당산동6가
187,서울특별시,영등포구,당산동5가,,,37.5323,126.9009,영등포구 당산동5가
188,서울특별시,영등포구,당산동4가,,,37.529,126.8991,영등포구 당산동4가
189,서울특별시,영등포구,당산동3가,,,37.5261,126.8971,영등포구 당산동3가
190,서울특별시,영등포구,당산동2가,,,37.5225,126.8936,영등포구 당산동2가
191,서울특별시,영등포구,당산동1가,,,37.5216,126.8985,영등포구 당산동1가
192,서울특별시,영등포구,여의도동,,,37.528317,126.929425,영등포구 여의도동
193,서울특별시,영등포구,영등포동8가,,,37.5289,126.9053,영등포구 영등포동8가
194,서울특별시,영등포구,영등포동7가,,,37.5242,126.907,영등포구 영등포동7가
195,서울특별시,영등포구,영등포동6가,,,37.5216,126.9032,영등포구 영등포동6가
196,서울특별시,영등포구,영등포동5가,,,37.5211,126.9066,영등포구 영등포동5가
197,서울특별시,영등포구,영등포동4가,,,37.518,126.903625,영등포구 영등포동4가
198,서울특별시,영등포구,영등포동3가,,,37.518,126.9082,영등포구 영등포동3가
199,서울특별시,영등포구,영등포동2가,,,37.5208,126.9117,영등포구 영등포동2가
200,서울특별시,영등포구,영등포동1가,,,37.5176074,126.9128363,영등포구 영등포동1가
201,서울특별시,영등포구,대림3동,,,37.4983347,126.8980312,영등포구 대림3동
202,서울특별시,영등포구,대림2동,,,37.4927521,126.8982938,영등포구 대림2동
203,서울특별시,영등포구,대림1동,,,37.4954685,126.905818,영등포구 대림1동
204,서울특별시,영등포구,신길7동,,,37.506392,126.921475,영등포구 신길7동
205,서울특별시,영등포구,신길6동,,,37.498535,126.919437,영등포구 신길6동
206,서울특별시,영등포구,신길5동,,,37.5016177,126.9052679,영등포구 신길5동
207,서울특별시,영등포구,신길4동,,,37.5084555,126.9112884,영등포구 신길4동
208,서울특별시,영등포구,신길3동,,,37.5073003,126.9077425,영등포구 신길3동
209,서울특별시,영등포구,신길1동,,,37.5112667,126.9214285,영등포구 신길1동
210,서울특별시,영등포구,양평2동,,,37.5364739,126.8939535,영등포구 양평2동
211,서울특별시,영등포구,양평1동,,,37.52365,126.888238,영등포구 양평1동
212,서울특별시,영등포구,문래동,,,37.517086,126.899466,영등포구 문래동
213,서울특별시,영등포구,도림동,,,37.509475,126.89595,영등포구 도림동
214,서울특별시,영등포구,당산2동,,,37.5310483,126.8973273,영등포구 당산2동
215,서울특별시,영등포구,당산1동,,,37.5249643,126.897443,영등포구 당산1동
216,서울특별시,영등포구,여의동,,,37.5177232,126.934584,영등포구 여의동
217,서울특별시,영등포구,영등포동,,,37.5203985,126.9106918,영등포구 영등포동
218,서울특별시,영등포구,영등포본동,,,37.5146826,126.9093046,영등포구 영등포본동
219,서울특별시,금천구,,,,37.4568644,126.8955105,
220,서울특별시,금천구,시흥동,,,37.4535411,126.9032625,금천구 시흥동
221,서울특별시,금천구,독산동,,,37.4702453,126.897041,금천구 독산동
222,서울특별시,금천구,시흥5동,,,37.4523912,126.908294,금천구 시흥5동
223,서울특별시,금천구,시흥4동,,,37.459029,126.9061924,금천구 시흥4동
224,서울특별시,금천구,시흥3동,,,37.4403095,126.9057945,금천구 시흥3동
225,서울특별시,금천구,시흥2동,,,37.4495487,126.9148345,금천구 시흥2동
226,서울특별시,금천구,시흥1동,,,37.4535411,126.9032625,금천구 시흥1동
227,서울특별시,금천구,독산4동,,,37.4675452,126.9022074,금천구 독산4동
228,서울특별시,금천구,독산3동,,,37.4751198,126.9032524,금천구 독산3동
229,서울특별시,금천구,독산2동,,,37.4631474,126.9034825,금천구 독산2동
230,서울특별시,금천구,독산1동,,,37.4702453,126.897041,금천구 독산1동
231,서울특별시,금천구,가산동,,,37.4769094,126.8917326,금천구 가산동
232,서울특별시,구로구,,,,37.495472,126.887536,
233,서울특별시,구로구,항동,,,37.4801833,126.8233756,구로구 항동
234,서울특별시,구로구,천왕동,,,37.4798417,126.8394389,구로구 천왕동
235,서울특별시,구로구,온수동,,,37.4938,126.8207,구로구 온수동
236,서울특별시,구로구,궁동,,,37.5009,126.8277,구로구 궁동
237,서울특별시,구로구,오류동,,,37.497009,126.845201,구로구 오류동
238,서울특별시,구로구,개봉동,,,37.5003318,126.8511255,구로구 개봉동
239,서울특별시,구로구,고척동,,,37.5004631,126.8628603,구로구 고척동
240,서울특별시,구로구,구로동,,,37.4930433,126.8757585,구로구 구로동
241,서울특별시,구로구,수궁동,,,37.4939422,126.8314627,구로구 수궁동
242,서울특별시,구로구,오류2동,,,37.4888016,126.8395371,구로구 오류2동
243,서울특별시,구로구,오류1동,,,37.497009,126.845201,구로구 오류1동
244,서울특별시,구로구,개봉3동,,,37.485993,126.853838,구로구 개봉3동
245,서울특별시,구로구,개봉2동,,,37.4925187,126.8620808,구로구 개봉2동
246,서울특별시,구로구,개봉1동,,,37.5003318,126.8511255,구로구 개봉1동
247,서울특별시,구로구,고척2동,,,37.5067055,126.8587122,구로구 고척2동
248,서울특별시,구로구,고척1동,,,37.5004631,126.8628603,구로구 고척1동
249,서울특별시,구로구,가리봉동,,,37.4825557,126.8897489,구로구 가리봉동
250,서울특별시,구로구,구로5동,,,37.5001593,126.8892945,구로구 구로5동
251,서울특별시,구로구,구로4동,,,37.4916271,126.8891697,구로구 구로4동
252,서울특별시,구로구,구로3동,,,37.4873799,126.8903678,구로구 구로3동
253,서울특별시,구로구,구로2동,,,37.491377,126.8834703,구로구 구로2동
254,서울특별시,구로구,구로1동,,,37.4930433,126.8757585,구로구 구로1동
255,서울특별시,구로구,신도림동,,,37.5077664,126.8805826,구로구 신도림동
256,서울특별시,강서구,,,,37.550937,126.849642,
257,서울특별시,강서구,오쇠동,,,37.5435,126.7984,강서구 오쇠동
258,서울특별시,강서구,오곡동,,,37.5534,126.784,강서구 오곡동
259,서울특별시,강서구,과해동,,,37.5662,126.7872,강서구 과해동
260,서울특별시,강서구,개화동,,,37.5874,126.8068,강서구 개화동
261,서울특별시,강서구,방화동,,,37.577333,126.813325,강서구 방화동
262,서울특별시,강서구,외발산동,,,37.5494,126.8207,강서구 외발산동
263,서울특별시,강서구,내발산동,,,37.5535,126.8354,강서구 내발산동
264,서울특별시,강서구,마곡동,,,37.5738,126.8304,강서구 마곡동
265,서울특별시,강서구,가양동,,,37.5695239,126.8447099,강서구 가양동
266,서울특별시,강서구,화곡동,,,37.544075,126.847725,강서구 화곡동
267,서울특별시,강서구,등촌동,,,37.5558155,126.8589287,강서구 등촌동
268,서울특별시,강서구,방화3동,,,37.5787386,126.8135628,강서구 방화3동
269,서울특별시,강서구,방화2동,,,37.5666997,126.8067549,강서구 방화2동
270,서울특별시,강서구,방화1동,,,37.5703659,126.817026,강서구 방화1동
271,서울특별시,강서구,공항동,,,37.5588296,126.8101437,강서구 공항동
272,서울특별시,강서구,우장산동,,,37.5482468,126.8418849,강서구 우장산동
273,서울특별시,강서구,발산1동,,,37.5531209,126.8331686,강서구 발산1동
274,서울특별시,강서구,가양3동,,,37.561092,126.8605955,강서구 가양3동
275,서울특별시,강서구,가양2동,,,37.5673763,126.8512826,강서구 가양2동
276,서울특별시,강서구,가양1동,,,37.5695239,126.8447099,강서구 가양1동
277,서울특별시,강서구,화곡8동,,,37.5326541,126.848335,강서구 화곡8동
278,서울특별시,강서구,화곡6동,,,37.5518173,126.8501301,강서구 화곡6동
279,서울특별시,강서구,화곡본동,,,37.544075,126.847725,강서구 화곡본동
280,서울특별시,강서구,화곡4동,,,37.5346476,126.8609068,강서구 화곡4동
281,서울특별시,강서구,화곡3동,,,37.5425392,126.8384231,강서구 화곡3동
282,서울특별시,강서구,화곡2동,,,37.531817,126.854613,강서구 화곡2동
283,서울특별시,강서구,화곡1동,,,37.530408,126.841562,강서구 화곡1동
284,서울특별시,강서구,등촌3동,,,37.5589789,126.847881,강서구 등촌3동
285,서울특별시,강서구,등촌2동,,,37.542658,126.8625,강서구 등촌2동
286,서울특별시,강서구,등촌1동,,,37.5558155,126.8589287,강서구 등촌1동
287,서울특별시,강서구,염창동,,,37.553751,126.8709777,강서구 염창동
288,서울특별시,양천구,,,,37.517016,126.866642,
289,서울특별시,양천구,신월동,,,37.532808,126.831487,양천구 신월동
290,서울특별시,양천구,목동,,,37.5303777,126.8712323,양천구 목동
291,서울특별시,양천구,신정동,,,37.5185289,126.8542636,양천구 신정동
292,서울특별시,양천구,신정7동,,,37.514393,126.8597007,양천구 신정7동
293,서울특별시,양천구,신정6동,,,37.5170414,126.8644471,양천구 신정6동
294,서울특별시,양천구,신정4동,,,37.5245455,126.8558042,양천구 신정4동
295,서울특별시,양천구,신정3동,,,37.5151685,126.8547892,양천구 신정3동
296,서울특별시,양천구,신정2동,,,37.5192314,126.870679,양천구 신정2동
297,서울특별시,양천구,신정1동,,,37.5185289,126.8542636,양천구 신정1동
298,서울특별시,양천구,신월7동,,,37.5219343,126.8346571,양천구 신월7동
299,서울특별시,양천구,신월6동,,,37.5180328,126.8451512,양천구 신월6동
300,서울특별시,양천구,신월5동,,,37.5386227,126.8271621,양천구 신월5동
301,서울특별시,양천구,신월4동,,,37.5246218,126.8401341,양천구 신월4동
302,서울특별시,양천구,신월3동,,,37.5336234,126.8291541,양천구 신월3동
303,서울특별시,양천구,신월2동,,,37.5249763,126.8444512,양천구 신월2동
304,서울특별시,양천구,신월1동,,,37.532808,126.831487,양천구 신월1동
305,서울특별시,양천구,목5동,,,37.5371201,126.8816206,양천구 목5동
306,서울특별시,양천구,목4동,,,37.532425,126.86835,양천구 목4동
307,서울특별시,양천구,목3동,,,37.5448009,126.8644431,양천구 목3동
308,서울특별시,양천구,목2동,,,37.5461131,126.8717128,양천구 목2동
309,서울특별시,양천구,목1동,,,37.5303777,126.8712323,양천구 목1동
310,서울특별시,마포구,,,,37.5663245,126.901491,
311,서울특별시,마포구,중동,,,37.571725,126.9055,마포구 중동
312,서울특별시,마포구,성산동,,,37.5634083,126.90785,마포구 성산동
313,서울특별시,마포구,망원동,,,37.5556222,126.9055969,마포구 망원동
314,서울특별시,마포구,동교동,,,37.557576,126.9251193,마포구 동교동
315,서울특별시,마포구,당인동,,,37.5425857,126.9199865,마포구 당인동
316,서울특별시,마포구,신정동,,,37.543392,126.930513,마포구 신정동
317,서울특별시,마포구,하중동,,,37.5435734,126.9277679,마포구 하중동
318,서울특별시,마포구,상수동,,,37.5469,126.9241,마포구 상수동
319,서울특별시,마포구,창전동,,,37.5501,126.93,마포구 창전동
320,서울특별시,마포구,구수동,,,37.5457426,126.9325321,마포구 구수동
321,서울특별시,마포구,현석동,,,37.5419,126.9345,마포구 현석동
322,서울특별시,마포구,노고산동,,,37.5541,126.938,마포구 노고산동
323,서울특별시,마포구,마포동,,,37.537192,126.943975,마포구 마포동
324,서울특별시,마포구,토정동,,,37.5385,126.939688,마포구 토정동
325,서울특별시,마포구,신공덕동,,,37.54415,126.955825,마포구 신공덕동
326,서울특별시,마포구,상암동,,,37.578325,126.8946875,마포구 상암동
327,서울특별시,마포구,성산2동,,,37.568618,126.9090061,마포구 성산2동
328,서울특별시,마포구,성산1동,,,37.5634083,126.90785,마포구 성산1동
329,서울특별시,마포구,연남동,,,37.564501,126.922027,마포구 연남동
330,서울특별시,마포구,망원2동,,,37.5602495,126.9023578,마포구 망원2동
331,서울특별시,마포구,망원1동,,,37.5556222,126.9055969,마포구 망원1동
332,서울특별시,마포구,합정동,,,37.5516561,126.9118888,마포구 합정동
333,서울특별시,마포구,서교동,,,37.5551015,126.914588,마포구 서교동
334,서울특별시,마포구,서강동,,,37.5477577,126.9321095,마포구 서강동
335,서울특별시,마포구,신수동,,,37.5471182,126.9351878,마포구 신수동
336,서울특별시,마포구,염리동,,,37.547083,126.94565,마포구 염리동
337,서울특별시,마포구,대흥동,,,37.5557827,126.9424619,마포구 대흥동
338,서울특별시,마포구,용강동,,,37.5422119,126.9426766,마포구 용강동
339,서울특별시,마포구,도화동,,,37.5415123,126.9498798,마포구 도화동
340,서울특별시,마포구,공덕동,,,37.550192,126.960025,마포구 공덕동
341,서울특별시,마포구,아현동,,,37.547125,126.95215,마포구 아현동
342,서울특별시,서대문구,,,,37.579225,126.9368,
343,서울특별시,서대문구,남가좌동,,,37.573295,126.9197232,서대문구 남가좌동
344,서울특별시,서대문구,북가좌동,,,37.57429,126.910194,서대문구 북가좌동
345,서울특별시,서대문구,홍은동,,,37.5989056,126.9471111,서대문구 홍은동
346,서울특별시,서대문구,창천동,,,37.5586,126.9342,서대문구 창천동
347,서울특별시,서대문구,봉원동,,,37.5727,126.9471,서대문구 봉원동
348,서울특별시,서대문구,대신동,,,37.565502,126.9459748,서대문구 대신동
349,서울특별시,서대문구,대현동,,,37.5611167,126.94655,서대문구 대현동
350,서울특별시,서대문구,홍동,,,37.5876988,126.9448779,서대문구 홍동
351,서울특별시,서대문구,현저동,,,37.574,126.954,서대문구 현저동
352,서울특별시,서대문구,영천동,,,37.570442,126.95755,서대문구 영천동
353,서울특별시,서대문구,옥천동,,,37.5693322,126.9590962,서대문구 옥천동
354,서울특별시,서대문구,냉천동,,,37.5672,126.9628,서대문구 냉천동
355,서울특별시,서대문구,미근동,,,37.563533,126.967,서대문구 미근동
356,서울특별시,서대문구,합동,,,37.5614,126.9659,서대문구 합동
357,서울특별시,서대문구,충정로3가,,,37.5623,126.9621,서대문구 충정로3가
358,서울특별시,서대문구,충정로2가,,,37.565025,126.9646125,서대문구 충정로2가
359,서울특별시,서대문구,북가좌2동,,,37.5815,126.9112,서대문구 북가좌2동
360,서울특별시,서대문구,북가좌1동,,,37.57429,126.910194,서대문구 북가좌1동
361,서울특별시,서대문구,남가좌2동,,,37.5784658,126.9238889,서대문구 남가좌2동
362,서울특별시,서대문구,남가좌1동,,,37.573295,126.9197232,서대문구 남가좌1동
363,서울특별시,서대문구,홍은2동,,,37.5801972,126.9342509,서대문구 홍은2동
364,서울특별시,서대문구,홍은1동,,,37.5989056,126.9471111,서대문구 홍은1동
365,서울특별시,서대문구,홍2동,,,37.586107,126.949338,서대문구 홍2동
366,서울특별시,서대문구,홍3동,,,37.5938295,126.9496737,서대문구 홍3동
367,서울특별시,서대문구,홍1동,,,37.5876988,126.9448779,서대문구 홍1동
368,서울특별시,서대문구,연희동,,,37.5739083,126.9351754,서대문구 연희동
369,서울특별시,서대문구,신촌동,,,37.5640923,126.9418114,서대문구 신촌동
370,서울특별시,서대문구,충현동,,,37.5648265,126.9546863,서대문구 충현동
371,서울특별시,서대문구,북아현동,,,37.5595,126.957025,서대문구 북아현동
372,서울특별시,서대문구,천연동,,,37.5711247,126.9590332,서대문구 천연동
373,서울특별시,은평구,,,,37.602784,126.929164,
374,서울특별시,은평구,신사동,,,37.5978445,126.9117735,은평구 신사동
375,서울특별시,은평구,응암동,,,37.6006884,126.926813,은평구 응암동
376,서울특별시,은평구,갈현동,,,37.623707,126.916675,은평구 갈현동
377,서울특별시,은평구,불광동,,,37.6103876,126.9320747,은평구 불광동
378,서울특별시,은평구,진관동,,,37.634983,126.9210512,은평구 진관동
379,서울특별시,은평구,수색동,,,37.5835192,126.8936659,은평구 수색동
380,서울특별시,은평구,증산동,,,37.5843063,126.9070404,은평구 증산동
381,서울특별시,은평구,신사2동,,,37.5902796,126.9084195,은평구 신사2동
382,서울특별시,은평구,신사1동,,,37.5978445,126.9117735,은평구 신사1동
383,서울특별시,은평구,역촌동,,,37.6044046,126.915114,은평구 역촌동
384,서울특별시,은평구,응암3동,,,37.5922474,126.9157268,은평구 응암3동
385,서울특별시,은평구,응암2동,,,37.5946071,126.9230926,은평구 응암2동
386,서울특별시,은평구,응암1동,,,37.6006884,126.926813,은평구 응암1동
387,서울특별시,은평구,대조동,,,37.614165,126.920813,은평구 대조동
388,서울특별시,은평구,구산동,,,37.6117455,126.9103893,은평구 구산동
389,서울특별시,은평구,갈현2동,,,37.6185866,126.9158385,은평구 갈현2동
390,서울특별시,은평구,갈현1동,,,37.623707,126.916675,은평구 갈현1동
391,서울특별시,은평구,불광2동,,,37.6208567,126.9257389,은평구 불광2동
392,서울특별시,은평구,불광1동,,,37.6103876,126.9320747,은평구 불광1동
393,서울특별시,은평구,녹번동,,,37.6021944,126.9298245,은평구 녹번동
394,서울특별시,노원구,,,,37.654358,127.056473,
395,서울특별시,노원구,중계동,,,37.6525986,127.0775275,노원구 중계동
396,서울특별시,노원구,상계동,,,37.6799006,127.0549781,노원구 상계동
397,서울특별시,노원구,하계동,,,37.6405374,127.0725852,노원구 하계동
398,서울특별시,노원구,공릉동,,,37.624874,127.073838,노원구 공릉동
399,서울특별시,노원구,월계동,,,37.6199197,127.0630165,노원구 월계동
400,서울특별시,노원구,상계10동,,,37.661274,127.060225,노원구 상계10동
401,서울특별시,노원구,상계9동,,,37.664553,127.0638347,노원구 상계9동
402,서울특별시,노원구,상계8동,,,37.6667854,127.0515874,노원구 상계8동
403,서울특별시,노원구,상계6.7동,,,37.654882,127.0669541,노원구 상계6.7동
404,서울특별시,노원구,상계5동,,,37.6627392,127.069498,노원구 상계5동
405,서울특별시,노원구,상계3.4동,,,37.6729133,127.0832665,노원구 상계3.4동
406,서울특별시,노원구,상계2동,,,37.6574727,127.0678377,노원구 상계2동
407,서울특별시,노원구,상계1동,,,37.6799006,127.0549781,노원구 상계1동
408,서울특별시,노원구,중계2.3동,,,37.6421829,127.0687126,노원구 중계2.3동
409,서울특별시,노원구,중계4동,,,37.6587275,127.0780091,노원구 중계4동
410,서울특별시,노원구,중계1동,,,37.6525986,127.0775275,노원구 중계1동
411,서울특별시,노원구,중계본동,,,37.64784,127.080338,노원구 중계본동
412,서울특별시,노원구,하계2동,,,37.6320048,127.0679733,노원구 하계2동
413,서울특별시,노원구,하계1동,,,37.6405374,127.0725852,노원구 하계1동
414,서울특별시,노원구,공릉2동,,,37.621332,127.083488,노원구 공릉2동
415,서울특별시,노원구,공릉1동,,,37.624874,127.073838,노원구 공릉1동
416,서울특별시,노원구,월계3동,,,37.6210475,127.0692485,노원구 월계3동
417,서울특별시,노원구,월계2동,,,37.6325377,127.0508,노원구 월계2동
418,서울특별시,노원구,월계1동,,,37.6199197,127.0630165,노원구 월계1동
419,서울특별시,도봉구,,,,37.668768,127.047163,
420,서울특별시,도봉구,도봉동,,,37.6786913,127.0434369,도봉구 도봉동
421,서울특별시,도봉구,창동,,,37.6483046,127.0438683,도봉구 창동
422,서울특별시,도봉구,방학동,,,37.6641763,127.0407251,도봉구 방학동
423,서울특별시,도봉구,쌍문동,,,37.6480275,127.0261145,도봉구 쌍문동
424,서울특별시,도봉구,방학3동,,,37.6591685,127.028036,도봉구 방학3동
425,서울특별시,도봉구,방학2동,,,37.6681842,127.0351005,도봉구 방학2동
426,서울특별시,도봉구,방학1동,,,37.6641763,127.0407251,도봉구 방학1동
427,서울특별시,도봉구,쌍문4동,,,37.656482,127.028425,도봉구 쌍문4동
428,서울특별시,도봉구,쌍문3동,,,37.6489775,127.0278643,도봉구 쌍문3동
429,서울특별시,도봉구,쌍문2동,,,37.6579935,127.0389254,도봉구 쌍문2동
430,서울특별시,도봉구,쌍문1동,,,37.6480275,127.0261145,도봉구 쌍문1동
431,서울특별시,도봉구,도봉2동,,,37.669751,127.046575,도봉구 도봉2동
432,서울특별시,도봉구,도봉1동,,,37.6786913,127.0434369,도봉구 도봉1동
433,서울특별시,도봉구,창5동,,,37.6563436,127.0436793,도봉구 창5동
434,서울특별시,도봉구,창4동,,,37.6522276,127.0515994,도봉구 창4동
435,서울특별시,도봉구,창3동,,,37.6381278,127.0429556,도봉구 창3동
436,서울특별시,도봉구,창2동,,,37.6414033,127.0356387,도봉구 창2동
437,서울특별시,도봉구,창1동,,,37.6483046,127.0438683,도봉구 창1동
438,서울특별시,강북구,,,,37.6397819,127.0256135,
439,서울특별시,강북구,수유동,,,37.6300865,127.0176014,강북구 수유동
440,서울특별시,강북구,번동,,,37.6378913,127.0288473,강북구 번동
441,서울특별시,강북구,인수동,,,37.6415105,127.0106307,강북구 인수동
442,서울특별시,강북구,우이동,,,37.6479523,127.0118533,강북구 우이동
443,서울특별시,강북구,수유3동,,,37.638715,127.023125,강북구 수유3동
444,서울특별시,강북구,수유2동,,,37.6447027,127.0198777,강북구 수유2동
445,서울특별시,강북구,수유1동,,,37.6300865,127.0176014,강북구 수유1동
446,서울특별시,강북구,번3동,,,37.625874,127.04665,강북구 번3동
447,서울특별시,강북구,번2동,,,37.6323588,127.0387953,강북구 번2동
448,서울특별시,강북구,번1동,,,37.6378913,127.0288473,강북구 번1동
449,서울특별시,강북구,삼각산동,,,37.6151568,127.0207209,강북구 삼각산동
450,서울특별시,강북구,송천동,,,37.618282,127.023838,강북구 송천동
451,서울특별시,강북구,송중동,,,37.616099,127.033738,강북구 송중동
452,서울특별시,강북구,미아동,,,37.6270736,127.0269791,강북구 미아동
453,서울특별시,강북구,삼양동,,,37.6250518,127.0197725,강북구 삼양동
454,서울특별시,성북구,,,,37.5894,127.016749,
455,서울특별시,성북구,장위동,,,37.6141245,127.0437129,성북구 장위동
456,서울특별시,성북구,상월곡동,,,37.606099,127.046963,성북구 상월곡동
457,서울특별시,성북구,하월곡동,,,37.604407,127.0387,성북구 하월곡동
458,서울특별시,성북구,길음동,,,37.6104856,127.0193925,성북구 길음동
459,서울특별시,성북구,정릉동,,,37.6014512,127.0166146,성북구 정릉동
460,서울특별시,성북구,보문동3가,,,37.5839321,127.0158125,성북구 보문동3가
461,서울특별시,성북구,보문동2가,,,37.5857523,127.018183,성북구 보문동2가
462,서울특별시,성북구,보문동1가,,,37.5864799,127.0196352,성북구 보문동1가
463,서울특별시,성북구,보문동7가,,,37.5797,127.02205,성북구 보문동7가
464,서울특별시,성북구,보문동6가,,,37.5804968,127.0188323,성북구 보문동6가
465,서울특별시,성북구,보문동5가,,,37.5824043,127.0200491,성북구 보문동5가
466,서울특별시,성북구,보문동4가,,,37.5828998,127.0213351,성북구 보문동4가
467,서울특별시,성북구,안암동5가,,,37.5888904,127.0301,성북구 안암동5가
468,서울특별시,성북구,안암동4가,,,37.580392,127.024663,성북구 안암동4가
469,서울특별시,성북구,안암동3가,,,37.583882,127.0231,성북구 안암동3가
470,서울특별시,성북구,안암동2가,,,37.586732,127.023,성북구 안암동2가
471,서울특별시,성북구,안암동1가,,,37.5886878,127.0220744,성북구 안암동1가
472,서울특별시,성북구,동선동5가,,,37.5962,127.0166,성북구 동선동5가
473,서울특별시,성북구,동선동4가,,,37.5952205,127.0186385,성북구 동선동4가
474,서울특별시,성북구,동선동3가,,,37.5939154,127.02045,성북구 동선동3가
475,서울특별시,성북구,동선동2가,,,37.5902487,127.020075,성북구 동선동2가
476,서울특별시,성북구,동선동1가,,,37.592307,127.0184,성북구 동선동1가
477,서울특별시,성북구,삼선동5가,,,37.5885487,127.015775,성북구 삼선동5가
478,서울특별시,성북구,삼선동4가,,,37.5900064,127.0131352,성북구 삼선동4가
479,서울특별시,성북구,삼선동3가,,,37.586557,127.013,성북구 삼선동3가
480,서울특별시,성북구,삼선동2가,,,37.584,127.0114,성북구 삼선동2가
481,서울특별시,성북구,삼선동1가,,,37.5845,127.0082,성북구 삼선동1가
482,서울특별시,성북구,동소문동7가,,,37.5964,127.0142,성북구 동소문동7가
483,서울특별시,성북구,동소문동6가,,,37.59359,127.014213,성북구 동소문동6가
484,서울특별시,성북구,동소문동5가,,,37.591621,127.0153541,성북구 동소문동5가
485,서울특별시,성북구,동소문동4가,,,37.5917387,127.0106235,성북구 동소문동4가
486,서울특별시,성북구,동소문동3가,,,37.5903688,127.011221,성북구 동소문동3가
487,서울특별시,성북구,동소문동2가,,,37.5887023,127.0082322,성북구 동소문동2가
488,서울특별시,성북구,동소문동1가,,,37.590199,127.007163,성북구 동소문동1가
489,서울특별시,성북구,돈암동,,,37.6034071,127.0263875,성북구 돈암동
490,서울특별시,성북구,성북동1가,,,37.5894,127.0038,성북구 성북동1가
491,서울특별시,성북구,석관동,,,37.612957,127.061413,성북구 석관동
492,서울특별시,성북구,장위3동,,,37.6165512,127.056603,성북구 장위3동
493,서울특별시,성북구,장위2동,,,37.6123899,127.0545206,성북구 장위2동
494,서울특별시,성북구,장위1동,,,37.6141245,127.0437129,성북구 장위1동
495,서울특별시,성북구,월곡2동,,,37.6057667,127.0478758,성북구 월곡2동
496,서울특별시,성북구,월곡1동,,,37.6105472,127.0357574,성북구 월곡1동
497,서울특별시,성북구,종암동,,,37.5990075,127.0351572,성북구 종암동
498,서울특별시,성북구,길음2동,,,37.6066647,127.0273155,성북구 길음2동
499,서울특별시,성북구,길음1동,,,37.6104856,127.0193925,성북구 길음1동
500,서울특별시,성북구,정릉4동,,,37.6133387,127.0069798,성북구 정릉4동
501,서울특별시,성북구,정릉3동,,,37.6089578,127.004186,성북구 정릉3동
502,서울특별시,성북구,정릉2동,,,37.6044729,127.0111047,성북구 정릉2동
503,서울특별시,성북구,정릉1동,,,37.6014512,127.0166146,성북구 정릉1동
504,서울특별시,성북구,보문동,,,37.580383,127.0228,성북구 보문동
505,서울특별시,성북구,안암동,,,37.5858498,127.0213292,성북구 안암동
506,서울특별시,성북구,돈암2동,,,37.598039,127.0105659,성북구 돈암2동
507,서울특별시,성북구,돈암1동,,,37.6034071,127.0263875,성북구 돈암1동
508,서울특별시,성북구,동선동,,,37.5939824,127.0203666,성북구 동선동
509,서울특별시,성북구,삼선동,,,37.5908326,127.0146297,성북구 삼선동
510,서울특별시,성북구,성북동,,,37.5911237,127.0032875,성북구 성북동
511,서울특별시,중랑구,,,,37.6063242,127.0925842,
512,서울특별시,중랑구,신내동,,,37.605882,127.099538,중랑구 신내동
513,서울특별시,중랑구,망우동,,,37.600899,127.1073,중랑구 망우동
514,서울특별시,중랑구,묵동,,,37.6123734,127.0784729,중랑구 묵동
515,서울특별시,중랑구,중화동,,,37.6011745,127.080623,중랑구 중화동
516,서울특별시,중랑구,상봉동,,,37.5998799,127.0872004,중랑구 상봉동
517,서울특별시,중랑구,면목동,,,37.5873592,127.0874227,중랑구 면목동
518,서울특별시,중랑구,신내2동,,,37.6061896,127.0942306,중랑구 신내2동
519,서울특별시,중랑구,신내1동,,,37.605882,127.099538,중랑구 신내1동
520,서울특별시,중랑구,망우3동,,,37.5919108,127.0949497,중랑구 망우3동
521,서울특별시,중랑구,망우본동,,,37.6005732,127.1014684,중랑구 망우본동
522,서울특별시,중랑구,묵2동,,,37.6059528,127.0783313,중랑구 묵2동
523,서울특별시,중랑구,묵1동,,,37.6123734,127.0784729,중랑구 묵1동
524,서울특별시,중랑구,중화2동,,,37.5993838,127.0795427,중랑구 중화2동
525,서울특별시,중랑구,중화1동,,,37.6011745,127.080623,중랑구 중화1동
526,서울특별시,중랑구,상봉2동,,,37.592892,127.0808518,중랑구 상봉2동
527,서울특별시,중랑구,상봉1동,,,37.5998799,127.0872004,중랑구 상봉1동
528,서울특별시,중랑구,면목3.8동,,,,,중랑구 면목3.8동
529,서울특별시,중랑구,면목7동,,,37.5789945,127.0869854,중랑구 면목7동
530,서울특별시,중랑구,면목본동,,,37.5873592,127.0874227,중랑구 면목본동
531,서울특별시,중랑구,면목5동,,,37.5857842,127.079511,중랑구 면목5동
532,서울특별시,중랑구,면목4동,,,37.5746736,127.0855775,중랑구 면목4동
533,서울특별시,중랑구,면목2동,,,37.589799,127.07905,중랑구 면목2동
534,서울특별시,동대문구,,,,37.574524,127.03965,
535,서울특별시,동대문구,이문동,,,37.597849,127.06545,동대문구 이문동
536,서울특별시,동대문구,휘경동,,,37.592932,127.065725,동대문구 휘경동
537,서울특별시,동대문구,장안동,,,37.567842,127.066375,동대문구 장안동
538,서울특별시,동대문구,답십리동,,,37.5717963,127.0512678,동대문구 답십리동
539,서울특별시,동대문구,전농동,,,37.5779984,127.0477575,동대문구 전농동
540,서울특별시,동대문구,용두동,,,37.5758884,127.0372011,동대문구 용두동
541,서울특별시,동대문구,신설동,,,37.5749343,127.0255251,동대문구 신설동
542,서울특별시,동대문구,이문2동,,,37.6033571,127.065075,동대문구 이문2동
543,서울특별시,동대문구,이문1동,,,37.597849,127.06545,동대문구 이문1동
544,서울특별시,동대문구,휘경2동,,,37.5902093,127.0685788,동대문구 휘경2동
545,서울특별시,동대문구,휘경1동,,,37.592932,127.065725,동대문구 휘경1동
546,서울특별시,동대문구,회기동,,,37.5908083,127.0553132,동대문구 회기동
547,서울특별시,동대문구,청량리동,,,37.5862586,127.0472767,동대문구 청량리동
548,서울특별시,동대문구,장안2동,,,37.578483,127.0706,동대문구 장안2동
549,서울특별시,동대문구,장안1동,,,37.567842,127.066375,동대문구 장안1동
550,서울특별시,동대문구,답십리2동,,,37.567417,127.06125,동대문구 답십리2동
551,서울특별시,동대문구,답십리1동,,,37.5717963,127.0512678,동대문구 답십리1동
552,서울특별시,동대문구,전농2동,,,37.5781027,127.0600375,동대문구 전농2동
553,서울특별시,동대문구,전농1동,,,37.5779984,127.0477575,동대문구 전농1동
554,서울특별시,동대문구,기동,,,37.5831612,127.0378551,동대문구 기동
555,서울특별시,동대문구,용신동,,,37.5758185,127.0372169,동대문구 용신동
556,서울특별시,광진구,,,,37.538617,127.082375,
557,서울특별시,광진구,자양동,,,37.534508,127.082438,광진구 자양동
558,서울특별시,광진구,구의동,,,37.5424917,127.0856756,광진구 구의동
559,서울특별시,광진구,중곡동,,,37.560675,127.080038,광진구 중곡동
560,서울특별시,광진구,구의3동,,,37.5380706,127.0920204,광진구 구의3동
561,서울특별시,광진구,구의2동,,,37.5472481,127.0899111,광진구 구의2동
562,서울특별시,광진구,구의1동,,,37.5424917,127.0856756,광진구 구의1동
563,서울특별시,광진구,자양4동,,,37.5341115,127.0662969,광진구 자양4동
564,서울특별시,광진구,자양3동,,,37.533842,127.072913,광진구 자양3동
565,서울특별시,광진구,자양2동,,,37.528825,127.084438,광진구 자양2동
566,서울특별시,광진구,자양1동,,,37.534508,127.082438,광진구 자양1동
567,서울특별시,광진구,광장동,,,37.546892,127.103025,광진구 광장동
568,서울특별시,광진구,능동,,,37.5537803,127.0804994,광진구 능동
569,서울특별시,광진구,중곡4동,,,37.5590865,127.0894538,광진구 중곡4동
570,서울특별시,광진구,중곡3동,,,37.5688084,127.0801736,광진구 중곡3동
571,서울특별시,광진구,중곡2동,,,37.560308,127.081487,광진구 중곡2동
572,서울특별시,광진구,중곡1동,,,37.560675,127.080038,광진구 중곡1동
573,서울특별시,광진구,군자동,,,37.5551217,127.0758373,광진구 군자동
574,서울특별시,광진구,화양동,,,37.5465421,127.0713152,광진구 화양동
575,서울특별시,성동구,,,,37.563456,127.036821,
576,서울특별시,성동구,성수동2가,,,37.539817,127.056888,성동구 성수동2가
577,서울특별시,성동구,성수동1가,,,37.542108,127.04965,성동구 성수동1가
578,서울특별시,성동구,금호동4가,,,37.5453855,127.0241155,성동구 금호동4가
579,서울특별시,성동구,금호동3가,,,37.5498,127.0193,성동구 금호동3가
580,서울특별시,성동구,금호동2가,,,37.553808,127.01885,성동구 금호동2가
581,서울특별시,성동구,금호동1가,,,37.553,127.0263,성동구 금호동1가
582,서울특별시,성동구,행당동,,,37.558567,127.036188,성동구 행당동
583,서울특별시,성동구,도선동,,,37.563542,127.033725,성동구 도선동
584,서울특별시,성동구,홍익동,,,37.56695,127.031975,성동구 홍익동
585,서울특별시,성동구,하왕십리동,,,37.5641583,127.02875,성동구 하왕십리동
586,서울특별시,성동구,상왕십리동,,,37.568375,127.0245375,성동구 상왕십리동
587,서울특별시,성동구,용답동,,,37.5640618,127.0555515,성동구 용답동
588,서울특별시,성동구,송정동,,,37.5545217,127.0696004,성동구 송정동
589,서울특별시,성동구,성수2가3동,,,37.5482223,127.0552645,성동구 성수2가3동
590,서울특별시,성동구,성수2가1동,,,37.5395907,127.0540659,성동구 성수2가1동
591,서울특별시,성동구,성수1가2동,,,37.5462991,127.0443325,성동구 성수1가2동
592,서울특별시,성동구,성수1가1동,,,37.542108,127.04965,성동구 성수1가1동
593,서울특별시,성동구,옥수동,,,37.5436386,127.0134622,성동구 옥수동
594,서울특별시,성동구,금호4가동,,,37.5471987,127.02241,성동구 금호4가동
595,서울특별시,성동구,금호2.3가동,,,37.5532922,127.0209487,성동구 금호2.3가동
596,서울특별시,성동구,금호1가동,,,37.5549008,127.0216354,성동구 금호1가동
597,서울특별시,성동구,응봉동,,,37.5531636,127.0334357,성동구 응봉동
598,서울특별시,성동구,행당2동,,,37.558208,127.02935,성동구 행당2동
599,서울특별시,성동구,행당1동,,,37.558567,127.036188,성동구 행당1동
600,서울특별시,성동구,사근동,,,37.5614846,127.0453315,성동구 사근동
601,서울특별시,성동구,마장동,,,37.566325,127.045388,성동구 마장동
602,서울특별시,성동구,왕십리도선동,,,37.5678257,127.0255501,성동구 왕십리도선동
603,서울특별시,성동구,왕십리2동,,,37.561108,127.030488,성동구 왕십리2동
604,서울특별시,용산구,,,,37.532527,126.99049,
605,서울특별시,용산구,용산동6가,,,37.5169,126.984,용산구 용산동6가
606,서울특별시,용산구,주성동,,,37.5214781,126.9995663,용산구 주성동
607,서울특별시,용산구,동빙고동,,,37.5237,126.9957,용산구 동빙고동
608,서울특별시,용산구,이태원동,,,37.5325225,126.9950384,용산구 이태원동
609,서울특별시,용산구,이촌동,,,37.5214167,126.9732,용산구 이촌동
610,서울특별시,용산구,한강로3가,,,37.5278,126.9602,용산구 한강로3가
611,서울특별시,용산구,용산동5가,,,37.5257,126.9747,용산구 용산동5가
612,서울특별시,용산구,용산동3가,,,37.532,126.9768,용산구 용산동3가
613,서울특별시,용산구,한강로2가,,,37.5316667,126.968725,용산구 한강로2가
614,서울특별시,용산구,한강로1가,,,37.5362,126.973488,용산구 한강로1가
615,서울특별시,용산구,신계동,,,37.5358,126.9667,용산구 신계동
616,서울특별시,용산구,문배동,,,37.537,126.969088,용산구 문배동
617,서울특별시,용산구,도원동,,,37.5388,126.9561,용산구 도원동
618,서울특별시,용산구,원효로4가,,,37.5328,126.9504,용산구 원효로4가
619,서울특별시,용산구,원효로3가,,,37.5344,126.9581,용산구 원효로3가
620,서울특별시,용산구,청암동,,,37.5344784,126.9466319,용산구 청암동
621,서울특별시,용산구,산천동,,,37.5353,126.9513,용산구 산천동
622,서울특별시,용산구,신창동,,,37.5358417,126.9547,용산구 신창동
623,서울특별시,용산구,원효로2가,,,37.536775,126.963225,용산구 원효로2가
624,서울특별시,용산구,원효로1가,,,37.5398,126.9673625,용산구 원효로1가
625,서울특별시,용산구,청파동3가,,,37.5432,126.9668,용산구 청파동3가
626,서울특별시,용산구,청파동2가,,,37.5462,126.9667,용산구 청파동2가
627,서울특별시,용산구,청파동1가,,,37.5488,126.9674,용산구 청파동1가
628,서울특별시,용산구,서계동,,,37.5524583,126.9664,용산구 서계동
629,서울특별시,용산구,동자동,,,37.5520533,126.9723999,용산구 동자동
630,서울특별시,용산구,용산동1가,,,37.5401,126.977,용산구 용산동1가
631,서울특별시,용산구,갈월동,,,37.5425333,126.9717625,용산구 갈월동
632,서울특별시,용산구,용산동4가,,,37.5306,126.9854,용산구 용산동4가
633,서울특별시,용산구,용산동2가,,,37.54295,126.98405,용산구 용산동2가
634,서울특별시,용산구,보광동,,,37.5263257,127.0001818,용산구 보광동
635,서울특별시,용산구,서빙고동,,,37.520458,126.994663,용산구 서빙고동
636,서울특별시,용산구,한남동,,,37.53455,127.0005,용산구 한남동
637,서울특별시,용산구,이태원2동,,,37.5418962,126.9901481,용산구 이태원2동
638,서울특별시,용산구,이태원1동,,,37.5325225,126.9950384,용산구 이태원1동
639,서울특별시,용산구,이촌2동,,,37.5262575,126.9547071,용산구 이촌2동
640,서울특별시,용산구,이촌1동,,,37.5214167,126.9732,용산구 이촌1동
641,서울특별시,용산구,한강로동,,,37.5281071,126.9692332,용산구 한강로동
642,서울특별시,용산구,용문동,,,37.5389,126.957562,용산구 용문동
643,서울특별시,용산구,효창동,,,37.5424569,126.9618498,용산구 효창동
644,서울특별시,용산구,원효로2동,,,37.53435,126.951538,용산구 원효로2동
645,서울특별시,용산구,원효로1동,,,37.5372185,126.9676811,용산구 원효로1동
646,서울특별시,용산구,청파동,,,37.5488,126.9674,용산구 청파동
647,서울특별시,용산구,남영동,,,37.5457586,126.9748403,용산구 남영동
648,서울특별시,용산구,용산2가동,,,37.5461327,126.9855777,용산구 용산2가동
649,서울특별시,용산구,후암동,,,37.5486375,126.9781344,용산구 후암동
650,서울특별시,중구,,,,37.563843,126.997602,
651,서울특별시,중구,만리동2가,,,37.5544,126.964,중구 만리동2가
652,서울특별시,중구,만리동1가,,,37.555917,126.967263,중구 만리동1가
653,서울특별시,중구,의주로2가,,,37.5607179,126.9695899,중구 의주로2가
654,서울특별시,중구,충정로1가,,,37.5664822,126.9682257,중구 충정로1가
655,서울특별시,중구,의주로1가,,,37.5640069,126.9684812,중구 의주로1가
656,서울특별시,중구,순화동,,,37.562758,126.970438,중구 순화동
657,서울특별시,중구,정동,,,37.5664,126.972925,중구 정동
658,서울특별시,중구,서소문동,,,37.563275,126.973425,중구 서소문동
659,서울특별시,중구,무학동,,,37.5643562,127.0152552,중구 무학동
660,서울특별시,중구,흥인동,,,37.567675,127.016463,중구 흥인동
661,서울특별시,중구,저동2가,,,37.564275,126.9895125,중구 저동2가
662,서울특별시,중구,인현동1가,,,37.5646,126.9944,중구 인현동1가
663,서울특별시,중구,초동,,,37.56465,126.992325,중구 초동
664,서울특별시,중구,충무로3가,,,37.5623684,126.9917138,중구 충무로3가
665,서울특별시,중구,산림동,,,37.5676,126.9957,중구 산림동
666,서울특별시,중구,입정동,,,37.5678003,126.9928911,중구 입정동
667,서울특별시,중구,을지로3가,,,37.5662167,126.99215,중구 을지로3가
668,서울특별시,중구,오장동,,,37.564875,127.0007125,중구 오장동
669,서울특별시,중구,방산동,,,37.5687,127.0032,중구 방산동
670,서울특별시,중구,주교동,,,37.5682512,126.9993441,중구 주교동
671,서울특별시,중구,을지로5가,,,37.5665167,127.0026625,중구 을지로5가
672,서울특별시,중구,을지로4가,,,37.5663,126.9968,중구 을지로4가
673,서울특별시,중구,을지로7가,,,37.566325,127.010437,중구 을지로7가
674,서울특별시,중구,을지로6가,,,37.567717,127.006938,중구 을지로6가
675,서울특별시,중구,쌍림동,,,37.5638,127.0041,중구 쌍림동
676,서울특별시,중구,광희동2가,,,37.5640583,127.0082125,중구 광희동2가
677,서울특별시,중구,광희동1가,,,37.565,127.0051,중구 광희동1가
678,서울특별시,중구,장충동2가,,,37.5555167,127.001075,중구 장충동2가
679,서울특별시,중구,장충동1가,,,37.560758,127.007688,중구 장충동1가
680,서울특별시,중구,예장동,,,37.5553,126.9898,중구 예장동
681,서울특별시,중구,주자동,,,37.5606415,126.9893712,중구 주자동
682,서울특별시,중구,남학동,,,37.5605568,126.9907972,중구 남학동
683,서울특별시,중구,필동3가,,,37.5584979,126.9969899,중구 필동3가
684,서울특별시,중구,필동2가,,,37.5586,126.9944,중구 필동2가
685,서울특별시,중구,필동1가,,,37.5607583,126.9924375,중구 필동1가
686,서울특별시,중구,묵정동,,,37.561308,127.000525,중구 묵정동
687,서울특별시,중구,예관동,,,37.5642168,126.9981863,중구 예관동
688,서울특별시,중구,인현동2가,,,37.564125,126.996238,중구 인현동2가
689,서울특별시,중구,충무로5가,,,37.5628253,126.9996118,중구 충무로5가
690,서울특별시,중구,충무로4가,,,37.5622333,126.995875,중구 충무로4가
691,서울특별시,중구,저동1가,,,37.5644112,126.9877732,중구 저동1가
692,서울특별시,중구,남산동3가,,,37.5601543,126.9874195,중구 남산동3가
693,서울특별시,중구,남산동2가,,,37.558333,126.9858,중구 남산동2가
694,서울특별시,중구,남산동1가,,,37.5593291,126.9845659,중구 남산동1가
695,서울특별시,중구,명동2가,,,37.562667,126.985175,중구 명동2가
696,서울특별시,중구,명동1가,,,37.5642845,126.9846307,중구 명동1가
697,서울특별시,중구,충무로2가,,,37.5614609,126.9863083,중구 충무로2가
698,서울특별시,중구,충무로1가,,,37.5610083,126.9823375,중구 충무로1가
699,서울특별시,중구,회현동3가,,,37.5601499,126.9840453,중구 회현동3가
700,서울특별시,중구,회현동2가,,,37.5587441,126.9829024,중구 회현동2가
701,서울특별시,중구,회현동1가,,,37.5572,126.9813,중구 회현동1가
702,서울특별시,중구,봉래동2가,,,37.556575,126.970975,중구 봉래동2가
703,서울특별시,중구,봉래동1가,,,37.5590814,126.9727409,중구 봉래동1가
704,서울특별시,중구,남대문로5가,,,37.5560917,126.975,중구 남대문로5가
705,서울특별시,중구,남대문로4가,,,37.5605942,126.975609,중구 남대문로4가
706,서울특별시,중구,남대문로3가,,,37.5616819,126.9795599,중구 남대문로3가
707,서울특별시,중구,남대문로2가,,,37.5639365,126.9820863,중구 남대문로2가
708,서울특별시,중구,태평로2가,,,37.5629892,126.9763563,중구 태평로2가
709,서울특별시,중구,북창동,,,37.5623,126.9783,중구 북창동
710,서울특별시,중구,남창동,,,37.5581,126.977437,중구 남창동
711,서울특별시,중구,수표동,,,37.5671417,126.9890375,중구 수표동
712,서울특별시,중구,장교동,,,37.5674312,126.9869527,중구 장교동
713,서울특별시,중구,수하동,,,37.5672663,126.9846085,중구 수하동
714,서울특별시,중구,삼각동,,,37.5680796,126.9842187,중구 삼각동
715,서울특별시,중구,남대문로1가,,,37.5675621,126.9828284,중구 남대문로1가
716,서울특별시,중구,을지로2가,,,37.56585,126.985638,중구 을지로2가
717,서울특별시,중구,을지로1가,,,37.5659693,126.9805525,중구 을지로1가
718,서울특별시,중구,태평로1가,,,37.5676845,126.9772484,중구 태평로1가
719,서울특별시,중구,다동,,,37.568133,126.980913,중구 다동
720,서울특별시,중구,무교동,,,37.568139,126.9789777,중구 무교동
721,서울특별시,중구,중림동,,,37.5548629,126.9644863,중구 중림동
722,서울특별시,중구,황학동,,,37.5673446,127.0212812,중구 황학동
723,서울특별시,중구,동화동,,,37.5600562,127.0194239,중구 동화동
724,서울특별시,중구,신당5동,,,37.565142,127.02185,중구 신당5동
725,서울특별시,중구,청구동,,,37.557083,127.014687,중구 청구동
726,서울특별시,중구,약수동,,,37.552479,127.0090022,중구 약수동
727,서울특별시,중구,다산동,,,37.5542861,127.0082322,중구 다산동
728,서울특별시,중구,신당동,,,37.5620973,127.0145478,중구 신당동
729,서울특별시,중구,을지로동,,,37.5667163,126.9913342,중구 을지로동
730,서울특별시,중구,광희동,,,37.564494,127.0050623,중구 광희동
731,서울특별시,중구,장충동,,,37.5618946,127.0078812,중구 장충동
732,서울특별시,중구,필동,,,37.5601529,126.9955699,중구 필동
733,서울특별시,중구,명동,,,37.560042,126.98585,중구 명동
734,서울특별시,중구,회현동,,,,,중구 회현동
735,서울특별시,중구,소공동,,,37.562442,126.977025,중구 소공동
736,서울특별시,종로구,,,,37.5735207,126.9788345,
737,서울특별시,종로구,신영동,,,37.60294,126.9621,종로구 신영동
738,서울특별시,종로구,홍지동,,,37.6006,126.9564,종로구 홍지동
739,서울특별시,종로구,구기동,,,37.6179,126.9574,종로구 구기동
740,서울특별시,종로구,행촌동,,,37.573608,126.9621,종로구 행촌동
741,서울특별시,종로구,교북동,,,37.5715202,126.9614257,종로구 교북동
742,서울특별시,종로구,홍파동,,,37.571132,126.9639538,종로구 홍파동
743,서울특별시,종로구,송월동,,,37.5700618,126.9651864,종로구 송월동
744,서울특별시,종로구,평동,,,37.567967,126.9668,종로구 평동
745,서울특별시,종로구,숭인동,,,37.5778049,127.0156274,종로구 숭인동
746,서울특별시,종로구,창신동,,,37.570758,127.016363,종로구 창신동
747,서울특별시,종로구,명륜3가,,,37.5875,126.9931,종로구 명륜3가
748,서울특별시,종로구,명륜4가,,,37.582142,126.9998,종로구 명륜4가
749,서울특별시,종로구,명륜2가,,,37.5846,126.9988,종로구 명륜2가
750,서울특별시,종로구,명륜1가,,,37.5891,126.9975,종로구 명륜1가
751,서울특별시,종로구,동숭동,,,37.5813,127.005,종로구 동숭동
752,서울특별시,종로구,충신동,,,37.574842,127.006125,종로구 충신동
753,서울특별시,종로구,연건동,,,37.5786,126.9995,종로구 연건동
754,서울특별시,종로구,종로6가,,,37.5719,127.0076,종로구 종로6가
755,서울특별시,종로구,종로5가,,,37.570633,127.0036,종로구 종로5가
756,서울특별시,종로구,효동,,,37.57295,127.0030375,종로구 효동
757,서울특별시,종로구,종로4가,,,37.5706536,126.9979211,종로구 종로4가
758,서울특별시,종로구,연지동,,,37.5737,127.0002,종로구 연지동
759,서울특별시,종로구,원남동,,,37.5754583,126.9975625,종로구 원남동
760,서울특별시,종로구,예지동,,,37.5696187,126.9982763,종로구 예지동
761,서울특별시,종로구,인의동,,,37.5725,126.9979,종로구 인의동
762,서울특별시,종로구,종로3가,,,37.57039,126.9923214,종로구 종로3가
763,서울특별시,종로구,관수동,,,37.5691,126.9906,종로구 관수동
764,서울특별시,종로구,장사동,,,37.56922,126.9940122,종로구 장사동
765,서울특별시,종로구,돈의동,,,37.5719634,126.9907097,종로구 돈의동
766,서울특별시,종로구,봉익동,,,37.5721762,126.992966,종로구 봉익동
767,서울특별시,종로구,묘동,,,37.5724175,126.9917106,종로구 묘동
768,서울특별시,종로구,훈정동,,,37.5742,126.9943,종로구 훈정동
769,서울특별시,종로구,원서동,,,37.5839056,126.9882311,종로구 원서동
770,서울특별시,종로구,계동,,,37.5804,126.987,종로구 계동
771,서울특별시,종로구,재동,,,37.5781,126.985125,종로구 재동
772,서울특별시,종로구,송현동,,,37.5768,126.9817,종로구 송현동
773,서울특별시,종로구,사간동,,,37.5772644,126.9803681,종로구 사간동
774,서울특별시,종로구,화동,,,37.5806,126.9828,종로구 화동
775,서울특별시,종로구,소격동,,,37.5795,126.980775,종로구 소격동
776,서울특별시,종로구,안국동,,,37.5773,126.9829,종로구 안국동
777,서울특별시,종로구,팔판동,,,37.582817,126.9804,종로구 팔판동
778,서울특별시,종로구,종로2가,,,37.5704398,126.9869027,종로구 종로2가
779,서울특별시,종로구,낙원동,,,37.5725,126.9885,종로구 낙원동
780,서울특별시,종로구,인사동,,,37.5717,126.986,종로구 인사동
781,서울특별시,종로구,관철동,,,37.5691073,126.9859731,종로구 관철동
782,서울특별시,종로구,경운동,,,37.575067,126.98595,종로구 경운동
783,서울특별시,종로구,익선동,,,37.574567,126.9894,종로구 익선동
784,서울특별시,종로구,운니동,,,37.5764,126.9883,종로구 운니동
785,서울특별시,종로구,권농동,,,37.5775049,126.991734,종로구 권농동
786,서울특별시,종로구,와룡동,,,37.582,126.993,종로구 와룡동
787,서울특별시,종로구,견지동,,,37.573504,126.9829808,종로구 견지동
788,서울특별시,종로구,관훈동,,,37.573917,126.98465,종로구 관훈동
789,서울특별시,종로구,공평동,,,37.5711,126.9828,종로구 공평동
790,서울특별시,종로구,종로1가,,,37.5704148,126.9796832,종로구 종로1가
791,서울특별시,종로구,중학동,,,37.5752943,126.9796457,종로구 중학동
792,서울특별시,종로구,수송동,,,37.5737,126.9806,종로구 수송동
793,서울특별시,종로구,서린동,,,37.5695043,126.9803876,종로구 서린동
794,서울특별시,종로구,청진동,,,37.5714325,126.980147,종로구 청진동
795,서울특별시,종로구,신문로2가,,,37.570792,126.968813,종로구 신문로2가
796,서울특별시,종로구,신문로1가,,,37.5701719,126.9738898,종로구 신문로1가
797,서울특별시,종로구,세종로,,,37.5802853,126.9767572,종로구 세종로
798,서울특별시,종로구,내수동,,,37.572942,126.9722,종로구 내수동
799,서울특별시,종로구,당주동,,,37.5715696,126.9739817,종로구 당주동
800,서울특별시,종로구,도렴동,,,37.5731046,126.974727,종로구 도렴동
801,서울특별시,종로구,내자동,,,37.5754,126.9716,종로구 내자동
802,서울특별시,종로구,필운동,,,37.5772807,126.9681133,종로구 필운동
803,서울특별시,종로구,체부동,,,37.578,126.9707,종로구 체부동
804,서울특별시,종로구,옥인동,,,37.5836,126.9625,종로구 옥인동
805,서울특별시,종로구,누하동,,,37.579183,126.968175,종로구 누하동
806,서울특별시,종로구,누상동,,,37.5804,126.9623,종로구 누상동
807,서울특별시,종로구,통인동,,,37.5801426,126.9701874,종로구 통인동
808,서울특별시,종로구,적선동,,,37.5753026,126.9737589,종로구 적선동
809,서울특별시,종로구,통의동,,,37.5784,126.972638,종로구 통의동
810,서울특별시,종로구,창성동,,,37.5806,126.9721,종로구 창성동
811,서울특별시,종로구,효자동,,,37.5826488,126.9719206,종로구 효자동
812,서울특별시,종로구,궁정동,,,37.5846792,126.9726742,종로구 궁정동
813,서울특별시,종로구,신교동,,,37.5845,126.9678,종로구 신교동
814,서울특별시,종로구,청운동,,,37.5891866,126.9692917,종로구 청운동
815,서울특별시,종로구,숭인2동,,,37.574867,127.019988,종로구 숭인2동
816,서울특별시,종로구,숭인1동,,,37.5778049,127.0156274,종로구 숭인1동
817,서울특별시,종로구,창신3동,,,37.5779055,127.0150474,종로구 창신3동
818,서울특별시,종로구,창신2동,,,37.574458,127.010863,종로구 창신2동
819,서울특별시,종로구,창신1동,,,37.570758,127.016363,종로구 창신1동
820,서울특별시,종로구,혜화동,,,37.5869186,127.0005764,종로구 혜화동
821,서울특별시,종로구,이화동,,,37.577008,127.004338,종로구 이화동
822,서울특별시,종로구,종로5.6가동,,,37.5720148,127.0050414,종로구 종로5.6가동
823,서울특별시,종로구,종로1.2.3.4가동,,,37.574461,126.9902618,종로구 종로1.2.3.4가동
824,서울특별시,종로구,가회동,,,37.5800784,126.9847995,종로구 가회동
825,서울특별시,종로구,교남동,,,37.5719391,126.9619364,종로구 교남동
826,서울특별시,종로구,무악동,,,37.5760032,126.958148,종로구 무악동
827,서울특별시,종로구,평창동,,,37.6063166,126.9681871,종로구 평창동
828,서울특별시,종로구,부암동,,,37.5924785,126.9641,종로구 부암동
829,서울특별시,종로구,삼청동,,,37.5850126,126.981836,종로구 삼청동
830,서울특별시,종로구,사직동,,,37.576196,126.9688397,종로구 사직동
831,서울특별시,종로구,청운효자동,,,37.5841367,126.9706519,종로구 청운효자동
